Id,Nombre,Apellidos,Email,Activo
1,Usuario1,Apellido1,usuario1@example.com,True
2,Usuario2,Apellido2,usuario2@example.com,True
3,Usuario3,Apellido3,usuario3@example.com,True
4,Usuario4,Apellido4,usuario4@example.com,True
5,Usuario5,Apellido5,usuario5@example.com,True
6,Usuario6,Apellido6,usuario6@example.com,True
7,Usuario7,Apellido7,usuario7@example.com,True
8,Usuario8,Apellido8,usuario8@example.com,True
9,Usuario9,Apellido9,usuario9@example.com,True
10,Usuario10,Apellido10,usuario10@example.com,True
11,Usuario11,Apellido11,usuario11@example.com,True
12,Usuario12,Apellido12,usuario12@example.com,True
13,Usuario13,Apellido13,usuario13@example.com,True
14,Usuario14,Apellido14,usuario14@example.com,True
15,Usuario15,Apellido15,usuario15@example.com,True
16,Usuario16,Apellido16,usuario16@example.com,True
17,Usuario17,Apellido17,usuario17@example.com,True
18,Usuario18,Apellido18,usuario18@example.com,True
19,Usuario19,Apellido19,usuario19@example.com,True
20,Usuario20,Apellido20,usuario20@example.com,True
